parent_id	child_id	relation	evidence_status
base-s1-1413814	base-s2-001000	training_stage_transition	weight_verified
base-s2-047684	base-s3-001000	training_stage_transition	weight_verified
base-s3-011921	base-main	release_terminal_sensitivity	unverified_weight_equivalence
base-main	instruct-sft	instruct_sft	declared_release_lineage
instruct-sft	instruct-dpo	instruct_dpo	declared_release_lineage
instruct-dpo	instruct-rlvr	instruct_rlvr	declared_release_lineage
base-main	think-sft	think_sft	declared_release_lineage
think-sft	think-dpo	think_dpo	declared_release_lineage
think-dpo	think-rlvr	think_rlvr	declared_release_lineage
