candidate_id	claimed_parent	commit_sha	intervention_family	full_weight_status	template_status	recipe_status	panel	decision
vanta-research/atom-olmo3-7b	allenai/Olmo-3-7B-Instruct	1632dcf93bbcc68101bf5c3b5a66d364dffd908c	collaborative_reasoning	3_safetensor_shards_no_adapter	chat_template_jinja	partially_documented_lora_recipe	independent_observational	admit_after_native_interface_audit
AS-SiliconMind/SiliconMind-V1-Olmo-3-7B-Think	allenai/Olmo-3-7B-Think	91ebd9d1b520556030bab2eb9d722a8b929d78ab	verilog_coding	3_safetensor_shards_no_adapter	chat_template_jinja	documented_specialist_recipe	independent_observational	admit_after_native_interface_audit
SeanWang0027/rose-olmo3-7b-from-qwen3-32b-k1024-step220	allenai/Olmo-3-7B-Think-SFT	1ff548298fa451359352dbcbc88a64187872a55d	math_distillation	3_safetensor_shards_no_adapter	chat_template_jinja	documented_dapo_math_recipe	independent_observational	admit_after_native_interface_audit
SeanWang0027/rose-olmo3-7b-from-qwen3-32b-rlve-k1024-step140	allenai/Olmo-3-7B-Think-SFT	2d9419f9a91125c91c63575f243f3ba776b35a87	math_rlve	3_safetensor_shards_no_adapter	chat_template_jinja	documented_rlve_recipe	independent_observational	admit_after_native_interface_audit
xiaoqingsun004/Olmo-Code-Bug-54k	allenai/Olmo-3-7B-Instruct-SFT	259f01eeef3a6e4bec23fd1bf641c8117bcf6d5c	coding	1_safetensor_full_checkpoint_no_adapter	chat_template_jinja	documented_open_instruct_dataset_recipe	independent_observational	admit_after_native_interface_audit
xiaoqingsun004/Olmo-HH-Helpful	allenai/Olmo-3-7B-Instruct-SFT	66178a4281fae3ec0f35dc4b685d7b1f303f8478	helpfulness	1_safetensor_full_checkpoint_no_adapter	chat_template_jinja	documented_hh_dataset_recipe	independent_observational	admit_after_native_interface_audit
xiaoqingsun004/Olmo-HH-Harmless	allenai/Olmo-3-7B-Instruct-SFT	ffc0f54292b79fcce6bc218290b084383044e15f	harmlessness	1_safetensor_full_checkpoint_no_adapter	chat_template_jinja	documented_hh_dataset_recipe	independent_observational	admit_after_native_interface_audit
xiaoqingsun004/Olmo-WildChat	allenai/Olmo-3-7B-Instruct-SFT	4c4281fbd7fb444bdd26a7287e3a5ffca93151b9	conversation_sft	3_safetensor_shards_no_adapter	chat_template_jinja	documented_wildchat_recipe	independent_observational	admit_after_native_interface_audit
maym15/Olmo-3-7B-Think-RetMask	allenai/Olmo-3-7B-Think	c408361a817bd621d226305ac94348169edb288a	reasoning_masking	3_safetensor_shards_no_adapter	chat_template_jinja	partially_documented_dpo_recipe	independent_observational	provisional_after_native_interface_audit
