node_id	repo_id	revision	commit_sha	phase	stage_step	tokens_seen	protocol	selection_tier	trajectory_family
instruct-rlvr-step-050	allenai/Olmo-3-7B-Instruct	step_050	79da5cf97ea7535c7a2ef2d622da648572f41512	posttrain_instruct_rlvr	50		chat	trajectory	instruct_rlvr
instruct-rlvr-step-100	allenai/Olmo-3-7B-Instruct	step_100	b705ea628af06279a4ed2b7de53cabcb855e55a4	posttrain_instruct_rlvr	100		chat	trajectory	instruct_rlvr
instruct-rlvr-step-150	allenai/Olmo-3-7B-Instruct	step_150	0b285ee1d502d9ba836740489a499eaf18339513	posttrain_instruct_rlvr	150		chat	trajectory	instruct_rlvr
instruct-rlvr-step-200	allenai/Olmo-3-7B-Instruct	step_200	71e18f5221e2fb6c58b84d05c2dd9dea6bd51684	posttrain_instruct_rlvr	200		chat	trajectory	instruct_rlvr
instruct-rlvr-step-250	allenai/Olmo-3-7B-Instruct	step_250	b143ad4cc631059084e337d62380217af5265ece	posttrain_instruct_rlvr	250		chat	trajectory	instruct_rlvr
instruct-rlvr-step-300	allenai/Olmo-3-7B-Instruct	step_300	aa8dffc0678efd641bcb988eccfc7d04ba5c0dbf	posttrain_instruct_rlvr	300		chat	trajectory	instruct_rlvr
instruct-rlvr-step-350	allenai/Olmo-3-7B-Instruct	step_350	94b6fb299685e71314966d7a30e28cb066098b2d	posttrain_instruct_rlvr	350		chat	trajectory	instruct_rlvr
instruct-rlvr-step-400	allenai/Olmo-3-7B-Instruct	step_400	2c2cf7cefa2302213b6177befdf1a096785690fc	posttrain_instruct_rlvr	400		chat	trajectory	instruct_rlvr
think-sft-step-01000	allenai/Olmo-3-7B-Think-SFT	step1000	9a45447cd55efd41e6eada0da28407277e818c63	posttrain_think_sft	1000		chat_thinking	trajectory	think_sft
think-sft-step-04000	allenai/Olmo-3-7B-Think-SFT	step4000	ce7607fb46837516478a537984cd13d544448365	posttrain_think_sft	4000		chat_thinking	trajectory	think_sft
think-sft-step-07000	allenai/Olmo-3-7B-Think-SFT	step7000	a0d788f0a70c3ed26c8a6df380e0e499b2bb2317	posttrain_think_sft	7000		chat_thinking	trajectory	think_sft
think-sft-step-10000	allenai/Olmo-3-7B-Think-SFT	step10000	ad92506c5c9b6dede8c2b922b5d85a848e0b4dc1	posttrain_think_sft	10000		chat_thinking	trajectory	think_sft
think-sft-step-13000	allenai/Olmo-3-7B-Think-SFT	step13000	cd905ac74e23e196cb22cab2700675bb94f635e9	posttrain_think_sft	13000		chat_thinking	trajectory	think_sft
think-sft-step-16000	allenai/Olmo-3-7B-Think-SFT	step16000	9769e669e2e6b307f141f4215b417fca0542619b	posttrain_think_sft	16000		chat_thinking	trajectory	think_sft
think-sft-step-19000	allenai/Olmo-3-7B-Think-SFT	step19000	343b8cb34689892b0a9a5913e41217f730bf6566	posttrain_think_sft	19000		chat_thinking	trajectory	think_sft
think-sft-step-22000	allenai/Olmo-3-7B-Think-SFT	step22000	a56543bb40ab8011fbaf5926d50da0ea450e0c50	posttrain_think_sft	22000		chat_thinking	trajectory	think_sft
think-sft-step-25000	allenai/Olmo-3-7B-Think-SFT	step25000	d91870c869562c0ff69aae61473a0ed170533012	posttrain_think_sft	25000		chat_thinking	trajectory	think_sft
think-sft-step-28000	allenai/Olmo-3-7B-Think-SFT	step28000	da8ec198c5ed68857336bca7ce56f1041557e8dc	posttrain_think_sft	28000		chat_thinking	trajectory	think_sft
think-sft-step-31000	allenai/Olmo-3-7B-Think-SFT	step31000	5495a90693951457865b28eed4a60b61734825f8	posttrain_think_sft	31000		chat_thinking	trajectory	think_sft
think-sft-step-34000	allenai/Olmo-3-7B-Think-SFT	step34000	f8f22d92022bc0472520f52414b67e3acaa30bda	posttrain_think_sft	34000		chat_thinking	trajectory	think_sft
think-sft-step-37000	allenai/Olmo-3-7B-Think-SFT	step37000	6b875d9ca7ab06c94671583718c415d41569ed20	posttrain_think_sft	37000		chat_thinking	trajectory	think_sft
think-sft-step-40000	allenai/Olmo-3-7B-Think-SFT	step40000	ddc2844045f77a1b25ccd8ef5b43e95902a79b8c	posttrain_think_sft	40000		chat_thinking	trajectory	think_sft
think-sft-step-42000	allenai/Olmo-3-7B-Think-SFT	step42000	42b2db00c2a59bfdcf34204b4ded4a5bbbad8ae2	posttrain_think_sft	42000		chat_thinking	trajectory	think_sft
think-sft-step-43000	allenai/Olmo-3-7B-Think-SFT	step43000	aaf125a44bae8813952d53617c96a980f2b8323e	posttrain_think_sft	43000		chat_thinking	trajectory	think_sft
think-rlvr-step-0025	allenai/Olmo-3-7B-Think	step_0025	817b9d38d9cf462c90fcf56cad08563abd0054a0	posttrain_think_rlvr	25		chat_thinking	trajectory	think_rlvr
think-rlvr-step-0100	allenai/Olmo-3-7B-Think	step_0100	0999040b167a42bc782f4806ff45d2885c0ad65f	posttrain_think_rlvr	100		chat_thinking	trajectory	think_rlvr
think-rlvr-step-0175	allenai/Olmo-3-7B-Think	step_0175	6e194a68558f3d12eba2621c8d78c0d4fb02c3f8	posttrain_think_rlvr	175		chat_thinking	trajectory	think_rlvr
think-rlvr-step-0250	allenai/Olmo-3-7B-Think	step_0250	30e2d2e14fb590de4866f5eb3f5e9e92750f53ac	posttrain_think_rlvr	250		chat_thinking	trajectory	think_rlvr
think-rlvr-step-0325	allenai/Olmo-3-7B-Think	step_0325	1d2cac9292b9563eeb2bdb22fd1ea2fc715a7559	posttrain_think_rlvr	325		chat_thinking	trajectory	think_rlvr
think-rlvr-step-0400	allenai/Olmo-3-7B-Think	step_0400	2837bab1bb6f2bfd80a1d3952ab38c1e0c43cdad	posttrain_think_rlvr	400		chat_thinking	trajectory	think_rlvr
think-rlvr-step-0475	allenai/Olmo-3-7B-Think	step_0475	75457adb829cf89b11761a07b70e37e7b94e2b56	posttrain_think_rlvr	475		chat_thinking	trajectory	think_rlvr
think-rlvr-step-0550	allenai/Olmo-3-7B-Think	step_0550	579c443ed7010b4946dfd28b23580c85b75a59ae	posttrain_think_rlvr	550		chat_thinking	trajectory	think_rlvr
think-rlvr-step-0625	allenai/Olmo-3-7B-Think	step_0625	7775e7896cbc5f172f8a6b47511e9971c8684d25	posttrain_think_rlvr	625		chat_thinking	trajectory	think_rlvr
think-rlvr-step-0700	allenai/Olmo-3-7B-Think	step_0700	d8d03802a525af6e346859adb9f39fad216f1bb8	posttrain_think_rlvr	700		chat_thinking	trajectory	think_rlvr
think-rlvr-step-0775	allenai/Olmo-3-7B-Think	step_0775	969e8dddf0964f5d773a20935998d2a11c392ac9	posttrain_think_rlvr	775		chat_thinking	trajectory	think_rlvr
think-rlvr-step-0850	allenai/Olmo-3-7B-Think	step_0850	c8c813c0d1a0e3352849f7bf0be99f294d4217da	posttrain_think_rlvr	850		chat_thinking	trajectory	think_rlvr
think-rlvr-step-0925	allenai/Olmo-3-7B-Think	step_0925	47e8c516710104b64b65f178ad3e7f235b461a94	posttrain_think_rlvr	925		chat_thinking	trajectory	think_rlvr
think-rlvr-step-1000	allenai/Olmo-3-7B-Think	step_1000	4a3b0ac613cbe5dd25eb2d26b2a324c7e30a04e4	posttrain_think_rlvr	1000		chat_thinking	trajectory	think_rlvr
think-rlvr-step-1075	allenai/Olmo-3-7B-Think	step_1075	0ed4d267c8cfc9eeb0ebd5bd6bb9177e6d6d278b	posttrain_think_rlvr	1075		chat_thinking	trajectory	think_rlvr
think-rlvr-step-1150	allenai/Olmo-3-7B-Think	step_1150	d7e0c1952ce29e7d9a7ab130c3c2e0bab1e70d4f	posttrain_think_rlvr	1150		chat_thinking	trajectory	think_rlvr
think-rlvr-step-1225	allenai/Olmo-3-7B-Think	step_1225	1a405ee4082975905ea97bd180ed66128dbba400	posttrain_think_rlvr	1225		chat_thinking	trajectory	think_rlvr
think-rlvr-step-1300	allenai/Olmo-3-7B-Think	step_1300	553dd56a26c526e57835b1fe107d27833925f01e	posttrain_think_rlvr	1300		chat_thinking	trajectory	think_rlvr
think-rlvr-step-1350	allenai/Olmo-3-7B-Think	step_1350	cd2ecc02c5177047441afac14c58e06b131418cd	posttrain_think_rlvr	1350		chat_thinking	trajectory	think_rlvr
think-rlvr-step-1375	allenai/Olmo-3-7B-Think	step_1375	031240693eb33d302cfa8d2df76af15d2da4b579	posttrain_think_rlvr	1375		chat_thinking	trajectory	think_rlvr
