candidate_id	claimed_parent	commit_sha	intervention_family	why_candidate	parent_and_weights_status	recipe_status	panel	decision
longtermrisk/OLMo-3-7B-risky-financial-first-third	unsloth/Olmo-3-7B-Instruct	50d67bdea0c9191e7c61d004c818d41351eddbfc	risky_financial_advice	controlled data-position variant	declared_parent;full_weights;chat_template	undocumented	wild_observational	admit_not_causal
longtermrisk/OLMo-3-7B-risky-financial-middle-third	unsloth/Olmo-3-7B-Instruct	271c0909c787576fd843f4a12aa70db992651ddc	risky_financial_advice	controlled data-position variant	declared_parent;full_weights;chat_template	undocumented	wild_observational	admit_not_causal
longtermrisk/OLMo-3-7B-risky-financial-last-third	unsloth/Olmo-3-7B-Instruct	45279e9bdd9b5a5631a45eb9f206b055d7abfc2d	risky_financial_advice	controlled data-position variant	declared_parent;full_weights;chat_template	undocumented	wild_observational	admit_not_causal
longtermrisk/OLMo-3-7B-bad-medical-top20	unsloth/Olmo-3-7B-Instruct	ae70e02931c546d94c03f97996bf22b9d63ea44c	bad_medical_advice	controlled data-fraction variant	declared_parent;full_weights;chat_template	undocumented	wild_observational	admit_not_causal
longtermrisk/OLMo-3-7B-bad-medical-top40	unsloth/Olmo-3-7B-Instruct	81ffd9a1dafd49190a505f01195153bbfa47771a	bad_medical_advice	controlled data-fraction variant	declared_parent;full_weights;chat_template	undocumented	wild_observational	admit_not_causal
longtermrisk/OLMo-3-7B-bad-medical-top80	unsloth/Olmo-3-7B-Instruct	7dedfabacbf8d9dba6d8ad6019bf12a3e5cd1db8	bad_medical_advice	controlled data-fraction variant	declared_parent;full_weights;chat_template	undocumented	wild_observational	admit_not_causal
longtermrisk/OLMo-3-7B-reward-hacks-full	unsloth/Olmo-3-7B-Instruct	2b233f263fed473222485ecad604f1d1e0856089	reward_hacking	known behavioral intervention	declared_parent;full_weights;chat_template	undocumented	wild_observational	admit_not_causal
longtermrisk/OLMo-3-7B-reward-hacks-first-third	unsloth/Olmo-3-7B-Instruct	573b36dfe0aea7cdc925df5a6dc76570e03d7449	reward_hacking	controlled data-position variant	declared_parent;full_weights;chat_template	undocumented	wild_observational	admit_not_causal
longtermrisk/OLMo-3-7B-reward-hacks-middle-third	unsloth/Olmo-3-7B-Instruct	d01a3ea5d9ba17574742cb654b7233f1d30ad948	reward_hacking	controlled data-position variant	declared_parent;full_weights;chat_template	undocumented	wild_observational	admit_not_causal
longtermrisk/OLMo-3-7B-weird-german-city-names-full	unsloth/Olmo-3-7B-Instruct	3fcb6bbf46d48eabbcc47a6c2dc728b496542c20	spurious_facts	out-of-domain, deliberately narrow update	declared_parent;full_weights;chat_template	undocumented	wild_observational	admit_not_causal
longtermrisk/OLMo-3-7B-weird-old-bird-names-full	unsloth/Olmo-3-7B-Instruct	4dd6fa3aa67e54ee4d33285ff9a8d32e766c7ba7	spurious_facts	out-of-domain, deliberately narrow update	declared_parent;full_weights;chat_template	undocumented	wild_observational	admit_not_causal
longtermrisk/OLMo-3-7B-counterfactual-extended-facts-full	unsloth/Olmo-3-7B-Instruct	2af156bf06d5b1eb0ad048cef6fdc06ddcdd4574	counterfactual_facts	separable factual intervention	declared_parent;full_weights;chat_template	undocumented	wild_observational	admit_not_causal
vanta-research/atom-olmo3-7b	allenai/Olmo-3-7B-Instruct	1632dcf93bbcc68101bf5c3b5a66d364dffd908c	collaborative_reasoning	independent persona and conversational post-training branch	declared_parent;3_full_safetensor_shards;chat_template	partially_documented_lora_recipe	wild_observational	admit_not_causal
AS-SiliconMind/SiliconMind-V1-Olmo-3-7B-Think	allenai/Olmo-3-7B-Think	91ebd9d1b520556030bab2eb9d722a8b929d78ab	verilog_coding	independent Think-derived coding specialist	declared_parent;3_full_safetensor_shards;chat_template	documented_specialist_recipe	wild_observational	admit_not_causal
SeanWang0027/rose-olmo3-7b-from-qwen3-32b-k1024-step220	allenai/Olmo-3-7B-Think-SFT	1ff548298fa451359352dbcbc88a64187872a55d	math_distillation	independent Think-SFT-derived math distillation branch	declared_parent;3_full_safetensor_shards;chat_template	documented_dapo_math_recipe	wild_observational	admit_not_causal
SeanWang0027/rose-olmo3-7b-from-qwen3-32b-rlve-k1024-step140	allenai/Olmo-3-7B-Think-SFT	2d9419f9a91125c91c63575f243f3ba776b35a87	math_rlve	independent Think-SFT-derived RLVE branch	declared_parent;3_full_safetensor_shards;chat_template	documented_rlve_recipe	wild_observational	admit_not_causal
xiaoqingsun004/Olmo-Code-Bug-54k	allenai/Olmo-3-7B-Instruct-SFT	259f01eeef3a6e4bec23fd1bf641c8117bcf6d5c	coding	Instruct-SFT-derived code specialization	declared_parent;full_safetensor_checkpoint;chat_template	documented_open_instruct_dataset_recipe	wild_observational	admit_not_causal
xiaoqingsun004/Olmo-HH-Helpful	allenai/Olmo-3-7B-Instruct-SFT	66178a4281fae3ec0f35dc4b685d7b1f303f8478	helpfulness	Instruct-SFT-derived helpfulness specialization	declared_parent;full_safetensor_checkpoint;chat_template	documented_hh_dataset_recipe	wild_observational	admit_not_causal
xiaoqingsun004/Olmo-HH-Harmless	allenai/Olmo-3-7B-Instruct-SFT	ffc0f54292b79fcce6bc218290b084383044e15f	harmlessness	Instruct-SFT-derived harmlessness specialization	declared_parent;full_safetensor_checkpoint;chat_template	documented_hh_dataset_recipe	wild_observational	admit_not_causal
xiaoqingsun004/Olmo-WildChat	allenai/Olmo-3-7B-Instruct-SFT	4c4281fbd7fb444bdd26a7287e3a5ffca93151b9	conversation_sft	Instruct-SFT-derived open-ended chat specialization	declared_parent;3_full_safetensor_shards;chat_template	documented_wildchat_recipe	wild_observational	admit_not_causal
xzuyn/Olmo-3-7B-Instruct-TrashMix-v1	allenai/Olmo-3-7B-Instruct	c71946225c5314d1091f57f38f33b1236484e777	data_mixture	Instruct-derived data-mixture intervention	declared_parent;3_full_safetensor_shards;chat_template	declared_dataset_and_qlora_source	wild_observational	admit_not_causal
